pair,entry,exit,return,gross_pnl,holding_seconds,capital
NEAR/USD,2026-09-27 13:08:04.750851,2026-09-27 13:13:05.437215,-0.003118121790168793,-155.71900220102953,300.686364,49724.53986060161
SEI/USD,2026-09-27 13:13:07.588175,2026-09-27 13:34:32.098421,0.0018584893136863734,92.30163092774953,1284.510246,49697.46343724421
PENGU/USD,2026-09-27 13:35:23.714493,2026-09-27 13:40:24.125152,-0.00303802430419442,-150.80092325702648,300.410659,49427.641127193056
PLUME/USD,2026-09-27 13:40:34.467909,2026-09-27 13:45:43.001350,-0.002692514808831481,-132.92495411373457,308.533441,49176.32052012222
SOL/USD,2026-09-27 13:45:53.344006,2026-09-27 14:00:00.707307,-0.00272545090180365,-133.8668139324217,847.363301,48924.66199101978
SEI/USD,2026-09-27 14:00:11.236695,2026-09-27 14:05:21.077739,0.003948407475651505,192.94269174768667,309.841044,49000.024414272186
VIRTUAL/USD,2026-09-27 14:05:31.374338,2026-09-27 14:10:38.592908,-0.0045121951219511125,-220.8323539321993,307.21857,48661.9275606056
AMDB/USD,2026-09-27 14:10:48.914496,2026-09-27 14:15:55.673229,7.880593251052836e-05,3.8302467608782975,306.758733,48549.0346581006
VIRTUAL/USD,2026-09-27 14:16:05.805653,2026-09-27 14:21:15.784823,-0.0010987669393236477,-53.28006132933682,309.97917,48379.37076027533
WLD/USD,2026-09-27 14:21:25.940074,2026-09-27 14:26:34.764062,0.004018264840182528,194.16784316674963,308.823988,48457.26477849951
PENDLE/USD,2026-09-27 14:26:44.915161,2026-09-27 14:31:54.151989,-0.00422102839600913,-204.29404323423194,309.236828,48136.988231110045
AVAX/USD,2026-09-27 14:32:04.297288,2026-09-27 14:37:11.569701,-0.002849256522126309,-136.99004211980005,307.272413,47884.703122549174
FIL/USD,2026-09-27 14:37:21.937394,2026-09-27 14:42:29.549441,-0.0007850662944871578,-37.547555243305666,307.612047,47732.34629085054
SEI/USD,2026-09-27 14:42:39.861185,2026-09-27 14:47:49.305829,0.0011979235990948744,57.111088417104185,309.444644,47674.899949442166
NEAR/USD,2026-09-27 14:47:59.683152,2026-09-27 14:53:07.198443,-0.001143728555089596,-54.46171185989668,307.515291,47506.15248361377
WLD/USD,2026-09-27 14:53:17.342453,2026-09-27 14:58:25.766230,-0.007592190889370909,-360.24296714146743,308.423777,47032.39545093178
TUT/USD,2026-09-27 14:58:36.109125,2026-09-27 15:03:43.907120,0.0,0.0,307.797995,46919.58542849899
TAO/USD,2026-09-27 15:03:54.238635,2026-09-27 15:08:57.945562,0.005728067530901493,268.43604359171627,303.706927,47075.15990801302
SEI/USD,2026-09-27 15:09:08.288866,2026-09-27 15:14:14.567791,-0.0018528321863420238,-87.11770460901843,306.278925,46875.23414910057
S/USD,2026-09-27 15:14:26.753150,2026-09-27 15:19:29.167690,-0.0014962593516208988,-70.05334244606502,302.41454,46692.83180904477
CAKE/USD,2026-09-27 15:19:39.512807,2026-09-27 15:24:41.801740,-0.0014414414414414267,-67.22421680846622,302.288933,46513.69270263258
TAO/USD,2026-09-27 15:24:51.954990,2026-09-27 15:29:54.788313,-0.0014992503748125774,-69.65198841287693,302.833323,46332.55841383697
WLD/USD,2026-09-27 15:30:05.183834,2026-09-27 15:35:13.213495,0.0035323207347226493,163.46506302981112,308.029661,46384.69589748205
SOMI/USD,2026-09-27 15:35:30.778386,2026-09-27 15:42:28.738737,-0.0045977011494252595,-213.00705408002204,417.960351,46060.687975675064
XPL/USD,2026-09-27 15:42:38.955601,2026-09-27 15:47:39.441220,-0.004759766502020701,-218.97503394302188,300.485619,45731.496388021835
WLD/USD,2026-09-27 15:47:49.784539,2026-09-27 15:55:09.306292,0.004991087344028422,227.9759929743224,439.521753,45849.509071828135
EDEN/USD,2026-09-27 15:56:59.777589,2026-09-27 16:03:29.324584,-0.008054522924411556,-368.85276678578487,389.546995,45371.126129883174
PENDLE/USD,2026-09-27 16:03:40.134771,2026-09-27 16:17:32.626285,0.0,0.0,832.491514,45262.30076159308
WLD/USD,2026-09-27 16:17:49.997281,2026-09-27 16:37:09.272132,-0.013284390840762161,-600.5605551567263,1159.274851,44553.89653498781
FET/USD,2026-09-27 16:40:08.496444,2026-09-27 16:47:35.840969,-0.0032653061224489077,-145.3075326012893,447.344525,44301.89817735268
LINEA/USD,2026-09-27 16:47:46.529842,2026-09-27 16:52:55.529166,0.0,0.0,308.999324,44195.63741646041
PUMP/USD,2026-09-27 16:53:10.025390,2026-09-27 16:58:19.946343,0.004692737430167737,207.14964372800029,309.920953,44296.53259253431
WLD/USD,2026-09-27 16:59:31.165874,2026-09-27 17:04:32.184345,0.019989479221462325,884.4020602998837,301.018471,45073.625479146685
PUMP/USD,2026-09-27 17:04:43.078784,2026-09-27 17:15:39.058837,-0.008187652135428158,-368.60430930673743,655.980053,44597.35169988186
ENA/USD,2026-09-27 17:16:25.205700,2026-09-27 17:21:32.087640,0.0025417574437183177,113.21962387251453,306.88194,44603.466036312464
LISTA/USD,2026-09-27 17:21:45.261655,2026-09-27 17:26:51.521068,0.00225988700564983,100.67783475044317,306.259413,44597.03896816515
WLD/USD,2026-09-27 17:27:19.879254,2026-09-27 17:32:53.505009,0.002594258042199815,115.55739152905923,333.625755,44605.48901703689
EDEN/USD,2026-09-27 17:33:13.779070,2026-09-27 17:38:18.298717,0.004085480829666865,182.0161884326877,304.519647,44680.297844306755
WIF/USD,2026-09-27 17:38:28.848770,2026-09-27 17:43:36.501991,0.00039761431411533543,17.74420735065473,307.653221,44590.85238341115
PLUME/USD,2026-09-27 17:43:46.744353,2026-09-27 17:48:54.373648,-0.0016042780748664054,-71.45028346612892,307.629295,44412.534005392416
WLD/USD,2026-09-27 17:49:04.692750,2026-09-27 17:54:12.009095,0.004851845434066915,215.22417102900948,307.316345,44520.97377985222
LISTA/USD,2026-09-27 17:54:22.249425,2026-09-27 17:59:29.755975,-0.002200220022002153,-97.83839078397236,307.50655,44316.46656826778
EIGEN/USD,2026-09-27 17:59:40.097872,2026-09-27 18:04:41.814951,-0.005990133897110561,-265.14301470843884,301.717079,43945.346021125006
PENGU/USD,2026-09-27 18:04:51.954525,2026-09-27 18:09:59.321846,-0.00799191622267137,-350.7860747486031,307.367321,43489.57534051367
VIRTUAL/USD,2026-09-27 18:10:09.660877,2026-09-27 18:15:17.167075,0.002063106796116543,89.61597007910188,307.506198,43474.77141559994
WLD/USD,2026-09-27 18:15:27.513484,2026-09-27 18:20:35.939249,-0.009916224995725864,-430.5882882568467,308.425765,42940.42298556241
XPL/USD,2026-09-27 18:20:46.271780,2026-09-27 18:25:47.851570,-0.003196022727272707,-137.07388149922411,301.57979,42700.51841176473
BONK/USD,2026-09-27 18:25:58.188546,2026-09-27 18:33:09.294245,-0.0237467018469657,-1012.7796836597244,431.105699,41586.53430828367
NVDAB/USD,2026-09-27 18:35:05.208945,2026-09-27 18:40:05.364426,0.0003110419906686701,12.919636226159986,300.155481,41499.69064321587
ENA/USD,2026-09-27 18:40:20.933716,2026-09-27 18:45:42.887125,-0.00548646671543529,-227.4134474091674,321.953409,41173.0105939544
WLD/USD,2026-09-27 18:45:53.453659,2026-09-27 18:50:59.941853,-0.007867132867132809,-323.52484862864696,306.488194,40751.11803885387
PUMP/USD,2026-09-27 18:51:11.410275,2026-09-27 18:56:31.314180,0.004190560211733585,170.56508982067504,319.903905,40823.734448883486
VIRTUAL/USD,2026-09-27 18:56:41.451590,2026-09-27 19:01:47.516132,0.0019429265330903611,79.22233582036205,306.064542,40804.94354140115
WLD/USD,2026-09-27 19:02:01.198893,2026-09-27 19:07:30.599162,-0.0017271157167529916,-70.39028948039852,329.400269,40636.76461488747
WLD/USD,2026-09-27 19:08:00.064532,2026-09-27 19:13:35.419371,0.0018978605935127124,77.03036671339419,335.354839,40616.23282702612
FET/USD,2026-09-27 19:13:49.215715,2026-09-27 19:18:55.830397,0.00041135335252984184,16.687574392281174,306.614682,40535.479904919535
PUMP/USD,2026-09-27 19:19:07.197622,2026-09-27 19:24:07.787435,-0.0037061260082842384,-150.04932081830472,300.589813,40288.38386260547
AVAX/USD,2026-09-27 19:24:21.905775,2026-09-27 19:29:24.693925,0.0027349803993073074,110.055714655774,302.78815,40301.67340440617
XPL/USD,2026-09-27 19:29:37.289453,2026-09-27 19:34:48.483518,-0.007429147940933745,-299.0478054757421,311.194065,39906.31847453613
PUMP/USD,2026-09-27 19:34:58.952445,2026-09-27 19:40:05.285134,0.010066395373741654,401.23072433952143,306.332689,40211.35002276616
XPL/USD,2026-09-27 19:40:16.074452,2026-09-27 19:45:38.847331,-0.0003668378576668907,-14.73334424164952,322.772879,40100.18502282699
PENGU/USD,2026-09-27 19:45:53.487669,2026-09-27 19:50:55.998837,-0.007438176197836266,-297.9143150755033,302.511168,39706.44550514122
WLFI/USD,2026-09-27 19:51:07.420183,2026-09-27 19:56:22.246664,-0.0017241379310345417,-68.3772375354076,314.826481,39542.91202836004
ENA/USD,2026-09-27 19:56:34.751586,2026-09-27 20:01:35.595439,0.0003687315634217647,14.563222910737144,300.843853,39462.61172832854
PUMP/USD,2026-09-27 20:01:46.476171,2026-09-27 20:06:52.372461,-0.0031638894747944013,-124.70551548488258,305.89629,39243.40241747514
TRX/USD,2026-09-27 20:07:07.145006,2026-09-27 20:12:11.412494,-0.00029967036260114543,-11.745972530588865,304.267488,39137.542884809125
VIRTUAL/USD,2026-09-27 20:12:30.561180,2026-09-27 20:17:30.739067,-0.002232419694902621,-87.26657584028847,300.177887,38956.507283998064
PUMP/USD,2026-09-27 20:17:40.884004,2026-09-27 20:22:49.330267,-0.004818772260632875,-187.49726962726692,308.446263,38675.79549098325
ONDO/USD,2026-09-27 20:22:59.474824,2026-09-27 20:28:08.024631,-0.0024042907342333164,-92.87627130998801,308.549807,38490.26445516598
PUMP/USD,2026-09-27 20:28:18.335466,2026-09-27 20:33:36.539911,-0.0029239766081871066,-112.40957935034918,318.204445,38285.668558599275
CRCLB/USD,2026-09-27 20:33:46.839094,2026-09-27 20:38:54.292367,0.0004486316733962603,17.155552156275935,307.453273,38210.97305091505
PENDLE/USD,2026-09-27 20:39:04.602425,2026-09-27 20:44:12.350766,0.0022883295194509046,87.33437044223268,307.748341,38206.55130859175
FORM/USD,2026-09-27 20:44:22.531646,2026-09-27 20:49:29.019342,-0.0016092693916961442,-61.41085202288514,306.487696,38053.573443884554
PENGU/USD,2026-09-27 20:49:39.313937,2026-09-27 20:54:47.006513,9.88924050633333e-05,3.7586935478409904,307.692576,37966.05384788057
WLD/USD,2026-09-27 20:54:57.245826,2026-09-27 21:00:01.468982,-0.00925925925925919,-351.1156905857669,304.223156,37524.29563800614
NEAR/USD,2026-09-27 21:00:11.787173,2026-09-27 21:05:19.223163,-0.007229832572298367,-270.96882160638285,307.43599,37163.64770444018
AVNT/USD,2026-09-27 21:05:32.575128,2026-09-27 21:10:41.756090,-0.0023659305993690705,-87.82109935456143,309.180962,36986.79275156689
XPL/USD,2026-09-27 21:10:54.454781,2026-09-27 21:16:06.492748,0.002012843860826008,74.35930035516935,312.037967,36972.34777913944
EDEN/USD,2026-09-27 21:16:21.593375,2026-09-27 21:21:37.248372,-0.005126561999359236,-189.31358391184816,315.654997,36694.58097703916
PUMP/USD,2026-09-27 21:21:47.390357,2026-09-27 21:26:50.193765,0.0030998140111591077,113.60988059474296,302.803408,36720.0403716289
ONDO/USD,2026-09-27 21:27:12.912871,2026-09-27 21:32:16.868579,0.0005527915975678255,20.27417154405204,303.955708,36652.21499413332
GLWB/USD,2026-09-27 21:32:33.434975,2026-09-27 21:37:42.735085,-0.00031553704404907457,-11.551253419207477,309.30011,36552.76506542189
SEI/USD,2026-09-27 21:37:53.030800,2026-09-27 21:42:55.339279,-0.002705993776214388,-98.7928609047338,302.308479,36366.41675577493
PLUME/USD,2026-09-27 21:43:15.302450,2026-09-27 21:48:23.790847,-0.001641137855579955,-59.61068444584778,308.488397,36219.65057157669
XPL/USD,2026-09-27 21:49:01.658181,2026-09-27 21:54:15.665882,-0.005885100420364386,-212.90049326727208,314.007701,35920.13055382638
FET/USD,2026-09-27 21:54:36.255529,2026-09-27 21:59:45.318290,0.0008227067050594616,29.5162701745403,309.062761,35863.45481613552
WLD/USD,2026-09-27 21:59:55.723815,2026-09-27 22:05:03.566595,0.00626903098692444,224.5593146090695,307.84278,36001.72401138327
FIL/USD,2026-09-27 22:05:13.715173,2026-09-27 22:10:21.000780,-0.002250497706223431,-80.92457115093781,307.285607,35834.54425457297
PUMP/USD,2026-09-27 22:10:31.246747,2026-09-27 22:15:38.285854,-0.005866882460044631,-209.98477467986626,307.039107,35538.86015715547
WLD/USD,2026-09-27 22:15:48.439219,2026-09-27 22:20:55.283246,-0.0031830238726791027,-112.98529503968442,306.844027,35340.76835605128
XPL/USD,2026-09-27 22:21:05.492021,2026-09-27 22:26:13.259554,-0.0010372465818010435,-36.61310266612603,307.767533,35219.43223576027
PENDLE/USD,2026-09-27 22:26:23.397944,2026-09-27 22:31:51.162523,0.0026435045317219075,92.99100544544103,327.764579,35227.83573061577
PENDLE/USD,2026-09-27 22:32:01.504716,2026-09-27 22:37:08.984611,0.0011290929619871548,39.72777078781051,307.479895,35183.01975040861
WLFI/USD,2026-09-27 22:37:19.153316,2026-09-27 22:42:27.500756,0.0017241379310344307,60.587586425356996,308.34744,35159.146047877715
ENA/USD,2026-09-27 22:42:37.636387,2026-09-27 22:48:16.056892,0.0071761750986725215,252.00541853333922,338.420505,35326.51773856422
WLFI/USD,2026-09-27 22:48:26.296743,2026-09-27 22:53:33.957020,-0.0034188034188035177,-120.62949031548362,307.660277,35121.3002312501
S/USD,2026-09-27 22:53:44.101738,2026-09-27 22:58:51.549400,0.0,0.0,307.447662,35037.05968536743
NEAR/USD,2026-09-27 22:59:01.909659,2026-09-27 23:04:10.115175,-0.0015349194167306734,-53.714528340362506,308.205516,34899.37112458214
FET/USD,2026-09-27 23:04:20.242609,2026-09-27 23:09:27.764087,-0.0020525451559934016,-71.5465761067983,307.521478,34744.202168762095
EIGEN/USD,2026-09-27 23:09:38.098072,2026-09-27 23:14:46.844514,-0.0029390154298311044,-101.99120977563773,308.746442,34558.997294884284
PENDLE/USD,2026-09-27 23:14:56.994226,2026-09-27 23:20:04.917320,0.0026495079485238104,91.4544608201778,307.923094,34567.45018179985
DOT/USD,2026-09-27 23:20:15.244025,2026-09-27 23:25:22.320061,0.0008012820512821595,27.665039456399324,307.076036,34512.16991990085
PUMP/USD,2026-09-27 23:25:32.612347,2026-09-27 23:31:06.568240,0.0030358227079538835,104.64710174862564,333.955893,34533.9119348443
POL/USD,2026-09-27 23:31:27.124559,2026-09-27 23:36:29.754473,0.000995602754500835,34.34079937660502,302.629914,34485.379865451214
ARB/USD,2026-09-27 23:36:39.994963,2026-09-27 23:41:48.834253,0.00758251561106138,261.17214806574583,308.83929,34663.5233542092
NEAR/USD,2026-09-27 23:41:59.176390,2026-09-27 23:47:02.254799,-0.0030013130744700467,-103.91124254716566,303.078409,34476.59426457662
PENDLE/USD,2026-09-27 23:47:12.430137,2026-09-27 23:52:45.320256,0.005630630630630407,193.89201774469456,332.890119,34587.55943196077
WLD/USD,2026-09-27 23:53:02.833309,2026-09-27 23:58:18.220886,-0.004065040650406471,-140.43111528716315,315.387577,34364.336497460834
NEAR/USD,2026-09-27 23:58:32.882183,2026-09-28 00:03:45.839550,-0.0007483629560336436,-25.686136047642563,312.957367,34256.256261827104
XPL/USD,2026-09-28 00:03:57.001789,2026-09-28 00:08:59.553802,-0.005295007564296572,-181.1694714676193,302.552013,33993.13850770588
NEAR/USD,2026-09-28 00:09:11.782423,2026-09-28 00:14:12.629445,0.002231312755671233,75.75830436927407,300.847022,33987.27131981087
PUMP/USD,2026-09-28 00:14:23.490958,2026-09-28 00:19:38.464679,0.004422110552763758,150.11511659758511,314.973721,34055.68578877169
ENA/USD,2026-09-28 00:19:49.805447,2026-09-28 00:25:07.759306,0.024347826086956514,828.1868965592212,317.953859,34801.194255349525
ENA/USD,2026-09-28 00:25:18.341138,2026-09-28 00:30:19.558773,-0.004417261297995356,-153.541497345964,301.217635,34564.364255307264
SOMI/USD,2026-09-28 00:30:30.049807,2026-09-28 00:35:44.233090,-0.0031876138433514223,-110.04563257167429,314.183283,34371.545975966466
ONDO/USD,2026-09-28 00:35:55.087722,2026-09-28 00:41:03.245294,-0.0018031013342949542,-61.901009954552244,308.157572,34227.27703190774
NEAR/USD,2026-09-28 00:41:14.988902,2026-09-28 00:46:22.405302,0.0007330034817665254,25.058606779892866,307.4164,34170.20939076185
SEI/USD,2026-09-28 00:46:35.514792,2026-09-28 00:51:51.075049,0.0005275652862042346,18.005383877339625,315.560257,34106.23387074223
APT/USD,2026-09-28 00:52:11.177921,2026-09-28 00:57:33.548004,-0.0013927576601671099,-47.444716420747675,322.370083,33977.04023966819
MUB/USD,2026-09-28 00:57:43.815981,2026-09-28 01:03:04.504964,-2.7342824331477722e-05,-0.9279134086857049,320.688983,33894.61747011834
ZEC/USD,2026-09-28 01:03:38.534156,2026-09-28 01:10:54.430457,6.216624497179524e-06,0.210457257156122,435.896301,33813.529401147665
NEAR/USD,2026-09-28 01:13:58.509128,2026-09-28 01:19:12.734256,-0.006046170758519653,-204.1970418603145,314.225128,33528.47361665717
POL/USD,2026-09-28 01:19:28.053964,2026-09-28 01:24:31.919065,-0.0012116316639740887,-40.57541128632727,303.865101,33407.526840186416
ONDO/USD,2026-09-28 01:25:40.202317,2026-09-28 01:30:46.477405,0.0003601656762111105,12.01780580154264,306.275088,33339.400267043195
FET/USD,2026-09-28 01:31:28.224321,2026-09-28 01:36:39.421893,0.0016240357287859997,54.07940395732368,311.197572,33313.44822381125
ARB/USD,2026-09-28 01:36:51.607534,2026-09-28 01:41:58.228906,-0.002589555459646009,-86.16350130153194,306.621372,33147.483814339575
PUMP/USD,2026-09-28 01:42:18.893406,2026-09-28 01:47:29.977127,-0.010583067092651777,-350.3810827055529,311.083721,32718.01696015555
APT/USD,2026-09-28 01:47:44.733534,2026-09-28 01:52:53.941906,-0.0050761421319796,-165.88200680102918,309.208372,32473.857885002733
DOT/USD,2026-09-28 01:53:10.922416,2026-09-28 01:58:32.226280,0.003949447077409074,128.0998785763823,321.303864,32523.91354715617
PUMP/USD,2026-09-28 01:59:03.356418,2026-09-28 02:04:04.146915,-0.0038337368845843267,-124.53850124436836,300.790497,32321.51393403563
PENGU/USD,2026-09-28 02:04:23.862271,2026-09-28 02:09:36.390885,-0.0009893153937476917,-31.937799878630955,312.528614,32212.089369055233
PUMP/USD,2026-09-28 02:09:58.816424,2026-09-28 02:14:58.953678,0.0015929908403025106,51.25198703593657,300.137254,32186.017224629682
FET/USD,2026-09-28 02:15:18.102793,2026-09-28 02:20:25.913185,-0.005271695052717074,-169.4712579284231,307.810392,31939.549238736465
MSFTB/USD,2026-09-28 02:21:40.177323,2026-09-28 02:26:46.433973,-7.733204446580544e-05,-2.4669867011774134,306.25665,31860.476287197267
PUMP/USD,2026-09-28 02:27:15.822969,2026-09-28 02:32:20.363446,-0.004769475357710551,-151.77540722886468,304.540477,31632.463746453657
NEAR/USD,2026-09-28 02:32:47.401837,2026-09-28 02:37:50.849189,-0.004381161007667056,-138.42061244231363,303.447352,31418.336876502577
PUMP/USD,2026-09-28 02:38:10.586394,2026-09-28 02:48:22.284292,0.0,0.0,611.697898,31342.978110404074
SUI/USD,2026-09-28 02:48:55.807590,2026-09-28 03:00:07.341386,-0.016287908167222476,-509.8989352905464,671.533796,30758.51304025939
VIRTUAL/USD,2026-09-28 03:00:23.113910,2026-09-28 03:05:30.642545,-0.002426595486532346,-74.54890275324061,307.528635,30610.27745715161
PUMP/USD,2026-09-28 03:05:45.592679,2026-09-28 03:11:44.406755,0.002565620682849712,78.44011971869425,358.814076,30615.202861629015
SEI/USD,2026-09-28 03:12:00.278832,2026-09-28 03:17:02.259797,0.011611030478955175,355.04748468151524,301.980965,30896.391888353122
SEI/USD,2026-09-28 03:17:40.968118,2026-09-28 03:35:37.326108,-0.011581001951854297,-357.38180135455565,1076.35799,30465.33209543246
CRV/USD,2026-09-28 03:36:04.570677,2026-09-28 04:44:23.685761,-0.007905138339921014,-240.5436655882861,4099.115084,30152.004155292056
ONDO/USD,2026-09-28 05:30:48.620367,2026-09-28 06:10:15.198831,-0.027914893617021264,-840.6799603489588,2366.578464,29240.011619808796
SEI/USD,2026-09-28 06:28:39.414439,2026-09-28 06:49:34.216877,-0.006830437387657318,-199.48240210117623,1254.802438,28970.63467431933
SEI/USD,2026-09-28 06:51:51.834591,2026-09-28 07:02:43.993129,0.007578448786264014,219.28900821947164,652.158538,29120.172730224505
SEI/USD,2026-09-28 07:03:06.345229,2026-09-28 07:18:46.263131,-0.007134502923976771,-207.50864794150678,939.917902,28843.066611156723
TSLAB/USD,2026-09-28 07:19:37.933425,2026-09-28 07:24:55.680078,-0.0009431928425136515,-27.17192849500696,317.746653,28746.745463125055
HBAR/USD,2026-09-28 07:25:13.293339,2026-09-28 07:45:36.389785,-0.003186350087367673,-91.48727828406322,1223.096446,28586.417175776896
SEI/USD,2026-09-28 07:46:12.513897,2026-09-28 07:51:18.612685,-0.004309340787328364,-123.04078716296048,306.098788,28394.957800777396
AVNT/USD,2026-09-28 07:51:28.935040,2026-09-28 07:56:38.616542,0.003822629969419067,108.41316456963783,309.681502,28435.133859566915
VIRTUAL/USD,2026-09-28 07:56:48.959126,2026-09-28 08:01:48.993727,-0.008896369319547959,-252.66588912253187,300.034601,28114.56779484113
SEI/USD,2026-09-28 08:01:59.304093,2026-09-28 08:07:09.303311,0.001279069767442076,35.91734109865262,309.999218,28083.00755740047
AVNT/USD,2026-09-28 08:07:19.646981,2026-09-28 08:12:29.819543,-0.0007451564828615531,-20.901123657479374,310.172562,27994.772736484498
NEAR/USD,2026-09-28 08:12:40.161892,2026-09-28 08:17:40.401822,-0.0035781544256119346,-100.04941641709908,300.23993,27827.696237272277
MSFTB/USD,2026-09-28 08:17:50.744253,2026-09-28 08:23:00.711289,-0.0008320916461868055,-23.127407339372272,309.967036,27737.85018373484
ONDO/USD,2026-09-28 08:23:10.926554,2026-09-28 08:28:21.097278,-0.007167832167832122,-198.58167050770655,310.170724,27472.975913295046
LTC/USD,2026-09-28 08:28:31.440608,2026-09-28 08:33:41.714143,0.0009880028228652638,27.11080570153909,310.273535,27434.158604923152
PENGU/USD,2026-09-28 08:33:52.056483,2026-09-28 08:39:01.836848,-0.0017949740725967667,-49.18451107526533,309.780365,27319.23063979775
INTCB/USD,2026-09-28 08:39:12.281843,2026-09-28 08:44:12.317184,0.0,0.0,300.035341,27253.70382595436
APT/USD,2026-09-28 08:44:22.864522,2026-09-28 08:50:04.900806,0.0018823529411764461,51.23952824727127,342.036284,27239.51222291895
SEI/USD,2026-09-28 08:50:21.268533,2026-09-28 08:55:24.395754,-0.012962073931829243,-352.65687461488125,303.127221,26821.942932116202
INTCB/USD,2026-09-28 08:55:34.838088,2026-09-28 09:00:44.806441,-0.00208977681183653,-55.98461213867362,309.968353,26701.69146207284
WLD/USD,2026-09-28 09:00:55.146665,2026-09-28 09:06:05.055264,-0.003810249571346902,-101.61802031746315,309.908599,26536.149774306487
CRV/USD,2026-09-28 09:06:15.295007,2026-09-28 09:11:15.326965,0.0002993115833582749,7.933045912773787,300.031958,26480.424753161504
AVNT/USD,2026-09-28 09:11:25.670278,2026-09-28 09:16:25.805735,-0.005843681519357213,-154.55747695227345,300.135457,26262.53785758563
HBAR/USD,2026-09-28 09:16:36.147938,2026-09-28 09:21:36.207388,-0.0008357709987463213,-21.9231281338536,300.05945,26177.648764401845
LISTA/USD,2026-09-28 09:21:46.497946,2026-09-28 09:26:55.800260,-0.006841505131128911,-178.87960492053455,309.302314,25936.19515378687
PAXG/USD,2026-09-28 09:27:06.142875,2026-09-28 09:32:25.534694,-0.0005946844723127009,-15.405343905794382,319.391819,25858.598776045696
NBISB/USD,2026-09-28 09:32:37.418960,2026-09-28 09:37:44.651551,0.00017163698777089564,4.432966051494376,307.232591,25801.003021857658
PUMP/USD,2026-09-28 09:37:58.745241,2026-09-28 09:43:14.682609,-0.006031128404669239,-155.4224311994497,315.937368,25583.88184376754
ONDO/USD,2026-09-28 09:43:30.719696,2026-09-28 09:48:44.814048,0.011795316565481384,301.40786133872433,314.094352,25823.56354003747
PUMP/USD,2026-09-28 09:48:55.494504,2026-09-28 09:54:09.701514,0.00923432089265086,238.17691663368046,314.20701,25999.5152778066
ONDO/USD,2026-09-28 09:54:21.932084,2026-09-28 09:59:22.991195,-0.007378836156297308,-191.6159479820299,301.059111,25745.767871597414
NEAR/USD,2026-09-28 09:59:37.327815,2026-09-28 10:04:49.118008,-0.003243655790879485,-83.41019655648913,311.790193,25600.704998290694
LTC/USD,2026-09-28 10:05:06.231523,2026-09-28 10:10:06.276564,-0.001268677755850045,-32.44007011145197,300.045041,25506.899029282675
ONDO/USD,2026-09-28 10:10:19.959984,2026-09-28 10:15:29.741558,0.002668890742285157,67.99343653163442,309.781574,25513.631045954797
PLUME/USD,2026-09-28 10:15:50.118426,2026-09-28 10:21:18.404553,0.0112540192926045,286.78633894034976,328.286127,25738.877266406835
AVNT/USD,2026-09-28 10:22:02.942170,2026-09-28 10:27:22.144492,-0.004773269689737569,-122.71117238037078,319.202322,25554.577105977205
PUMP/USD,2026-09-28 10:27:55.428642,2026-09-28 10:32:58.314087,-0.00038080731150025304,-9.719692160487993,302.885445,25483.574890983997
AVNT/USD,2026-09-28 10:33:08.529821,2026-09-28 10:38:13.225331,-0.002377179080824021,-60.506326310096895,304.69551,25362.017288874955
LTC/USD,2026-09-28 10:38:23.568257,2026-09-28 10:43:25.959159,-0.0028169014084507005,-71.35657145951626,302.390902,25229.914025112786
INTCB/USD,2026-09-28 10:43:36.301416,2026-09-28 10:48:44.337952,-0.0015898251192369983,-40.06301769202618,308.036536,25129.383620457917
SEI/USD,2026-09-28 10:48:54.470861,2026-09-28 10:54:00.549681,-0.005509304603330101,-138.279294344406,306.07882,24930.99592689004
SNDKB/USD,2026-09-28 10:54:10.697406,2026-09-28 10:59:17.541601,-0.0001791472590469967,-4.4609600021114515,306.844195,24866.741830449526
PAXG/USD,2026-09-28 10:59:27.693907,2026-09-28 11:05:16.808485,-0.0009607407478045005,-23.861823551077553,349.114578,24783.264268801868
INTCB/USD,2026-09-28 11:05:27.114874,2026-09-28 11:10:34.555829,-0.004281037522034681,-105.9707665521383,307.440955,24617.976520825014
PLUME/USD,2026-09-28 11:10:44.709207,2026-09-28 11:15:51.996976,0.009269356597600975,227.91897171919578,307.287769,24786.574296014354
HBAR/USD,2026-09-28 11:16:02.163290,2026-09-28 11:21:09.939831,-0.0007267441860465684,-17.99188256312578,307.776541,24709.15191806686
XPL/USD,2026-09-28 11:21:20.300683,2026-09-28 11:26:26.819336,0.0009605225242532711,23.705216536132138,306.518653,24673.56230491855
AVNT/USD,2026-09-28 11:26:36.963032,2026-09-28 11:31:44.324145,-0.002394253790901746,-59.00388035950133,307.361113,24555.448209613394
HBAR/USD,2026-09-28 11:31:54.661989,2026-09-28 11:37:02.332426,0.0014316392269149159,35.112357439890545,307.670437,24531.62071636671
VIRTUAL/USD,2026-09-28 11:37:12.484245,2026-09-28 11:42:20.203544,0.0034146341463414664,83.66598995148763,307.719299,24556.345742944806
HBAR/USD,2026-09-28 11:42:30.545739,2026-09-28 11:47:39.547679,-0.0067079987803639884,-164.52626856911752,309.00194,24333.117037252774
CBRSB/USD,2026-09-28 11:47:49.722578,2026-09-28 11:52:53.289824,-0.0020627670546633503,-50.13331989911844,303.567246,24224.67943613666
BMT/USD,2026-09-28 11:53:03.478363,2026-09-28 11:58:08.939693,-0.0062272963155163286,-150.6732318888213,305.46133,24016.082665017762
LTC/USD,2026-09-28 11:58:19.178788,2026-09-28 12:03:25.699926,-0.00014094432699096604,-3.380868691450518,306.521138,23955.101838131737
HBAR/USD,2026-09-28 12:04:54.407486,2026-09-28 12:10:03.016207,-0.0016443987667008608,-39.344469830914775,308.608721,23858.346832599753
PLUME/USD,2026-09-28 12:10:30.972188,2026-09-28 12:15:38.675154,0.003361344537814892,80.09988845848395,307.702966,23881.124924813284
PUMP/USD,2026-09-28 12:15:49.030292,2026-09-28 12:20:56.640547,-0.004194128220491367,-100.04030738425807,307.610255,23723.92435479823
EDEN/USD,2026-09-28 12:21:06.782594,2026-09-28 12:26:13.521791,-0.005317434740573557,-125.99903904348687,306.739197,23541.17325860115
SEI/USD,2026-09-28 12:26:23.675191,2026-09-28 12:31:31.270858,0.011558583769315067,271.77609998973617,307.595667,23756.15831073975
SEI/USD,2026-09-28 12:31:41.649142,2026-09-28 12:36:49.016851,-0.002765752765752749,-65.6248161589267,307.367709,23633.6316732824
LITEB/USD,2026-09-28 12:36:59.460828,2026-09-28 12:41:59.904184,-0.0009268548000174182,-21.87865902427561,300.443356,23555.092585062688
CRV/USD,2026-09-28 12:42:10.055311,2026-09-28 12:47:10.705496,-0.0009093664746894214,-21.394507251255312,300.650185,23477.22544834931
HBAR/USD,2026-09-28 12:47:34.354872,2026-09-28 12:52:38.193653,-0.010164033410485995,-238.33695587792337,303.838781,23182.862962947045
LITEB/USD,2026-09-28 12:52:48.535908,2026-09-28 12:57:57.684150,-0.00096143340981103,-22.26203245286284,309.148242,23105.022157144722
INTCB/USD,2026-09-28 12:58:08.026059,2026-09-28 13:03:13.293758,0.0,0.0,305.267699,23049.60337519948
PLUME/USD,2026-09-28 13:03:28.230739,2026-09-28 13:08:35.325742,0.0023201856148493682,53.415182949306335,307.095003,23047.66860325763
ENA/USD,2026-09-28 13:08:45.474836,2026-09-28 13:13:47.554315,-0.0007550018875048803,-17.38015205808882,302.079479,22975.02809137698
ZEN/USD,2026-09-28 13:13:57.887973,2026-09-28 13:19:01.608611,-0.0011261261261261701,-25.841732046923674,303.720638,22894.110386029657
PUMP/USD,2026-09-28 13:19:11.848429,2026-09-28 13:25:44.848631,0.010090609555189367,230.7383103840084,393.000202,23069.658913033687
PUMP/USD,2026-09-28 13:25:55.233104,2026-09-28 13:31:03.767792,-0.004891969017529529,-112.72062937955772,308.534688,22901.739587326938
BMT/USD,2026-09-28 13:31:13.962718,2026-09-28 13:36:21.744642,-0.002631578947368318,-60.19541447321382,307.781924,22786.685210846514
PLUME/USD,2026-09-28 13:36:31.902638,2026-09-28 13:41:39.701389,0.0028785261945885043,65.51335978294345,307.798751,22797.46472291839
ONDO/USD,2026-09-28 13:41:50.043475,2026-09-28 13:46:52.229968,0.0005678591709254999,12.930214517459655,302.186493,22755.698334192624
SUI/USD,2026-09-28 13:47:02.572894,2026-09-28 13:52:06.270975,-0.007008760951188964,-159.29786280184294,303.698081,22542.010721029685
PLUME/USD,2026-09-28 13:52:16.614377,2026-09-28 13:57:26.091147,-0.001721170395869276,-38.75208314658444,309.47677,22449.23677514784
FLOKI/USD,2026-09-28 13:57:36.239862,2026-09-28 14:02:43.104746,0.0,0.0,306.864884,22395.390933788443
POL/USD,2026-09-28 14:02:53.256461,2026-09-28 14:08:00.828912,-0.0010639241067470495,-23.798403898928463,307.572451,22317.904399096045
HBAR/USD,2026-09-28 14:08:11.108795,2026-09-28 14:13:19.863852,0.016099489058131633,358.8756894444662,308.755057,22622.81860493768
HBAR/USD,2026-09-28 14:13:30.158244,2026-09-28 14:18:37.414613,0.02648004539436344,598.3343996908709,307.256369,23166.172815555863
HBAR/USD,2026-09-28 14:18:47.557642,2026-09-28 14:23:54.823459,0.02493765586034913,577.0167932213765,307.265817,23686.931733156893
XLM/USD,2026-09-28 14:24:05.166746,2026-09-28 14:29:08.124848,-0.005223171889838674,-123.57245088597055,302.958102,23506.693042234103
ONDO/USD,2026-09-28 14:29:25.050670,2026-09-28 14:34:28.703131,-0.005585516178736594,-131.1394578788383,303.652461,23319.32873804134
HBAR/USD,2026-09-28 14:34:48.167490,2026-09-28 14:40:10.545655,0.021116415717958192,491.82973512833485,322.378165,23754.635468349607
HBAR/USD,2026-09-28 14:40:35.402601,2026-09-28 14:45:48.406972,0.02137445887445888,507.1331879213257,313.004371,24204.183177996463
HBAR/USD,2026-09-28 14:46:06.728259,2026-09-28 15:13:29.881039,-0.007775225304824218,-187.96714595512498,1643.15278,23958.38640701307
HBAR/USD,2026-09-28 15:45:14.542125,2026-09-28 15:50:20.021416,-0.014942327857392579,-357.56447175013386,305.479291,23543.785385328632
METAB/USD,2026-09-28 15:53:09.876134,2026-09-28 16:00:04.479062,-0.0021221829732467334,-49.904263405955085,414.602928,23437.46982516493
LINEA/USD,2026-09-28 16:00:54.781384,2026-09-28 16:07:46.878992,0.006966213862765525,163.07450269156757,412.097608,23544.132460829424
LTC/USD,2026-09-28 16:08:33.879561,2026-09-28 16:13:35.940289,0.0026521496370741637,62.36763128638134,302.060728,23549.953236603014
PUMP/USD,2026-09-28 16:13:46.385620,2026-09-28 16:18:48.365699,0.0047767393561786164,112.35699807529387,301.980079,23605.689430445433
HBAR/USD,2026-09-28 16:18:58.674411,2026-09-28 16:24:01.096983,-0.0018863071250964092,-44.474147069263665,302.422572,23504.648989912363
PUMP/USD,2026-09-28 16:24:11.543040,2026-09-28 16:29:40.545274,-0.010071942446043258,-236.4533868746371,329.002234,23212.10203622073
NVDAB/USD,2026-09-28 16:32:00.015124,2026-09-28 16:37:04.145081,0.0004392322220758693,10.183268552633338,304.129957,23166.597465391107
NEAR/USD,2026-09-28 16:37:16.435022,2026-09-28 16:42:29.795719,-0.007846214201647661,-181.55196193356224,313.360697,22929.69689179528
LINEA/USD,2026-09-28 16:42:40.842979,2026-09-28 16:47:48.044322,-0.005126452494873646,-117.40694423543523,307.201343,22757.432582116147
SUI/USD,2026-09-28 16:47:59.333735,2026-09-28 16:53:06.613879,-0.007734992433159671,-175.81733453822477,307.280144,22527.24116088521
NEAR/USD,2026-09-28 16:53:17.058164,2026-09-28 16:59:33.755666,0.00019565642731378396,4.40231040334749,376.697502,22477.60524895722
PUMP/USD,2026-09-28 16:59:45.820974,2026-09-28 17:05:51.622585,0.007880379874722232,176.91950955419028,365.801611,22600.39857025401
PUMP/USD,2026-09-28 17:06:04.736953,2026-09-28 17:11:07.795044,0.00962695547533099,217.31194312365682,303.058091,22763.241327051248
HBAR/USD,2026-09-28 17:11:23.973833,2026-09-28 17:16:36.712923,-0.000507700118463239,-11.543032037969196,312.73909,22697.11314653431
HBAR/USD,2026-09-28 17:16:49.666217,2026-09-28 17:22:15.250738,-0.005147679324894461,-116.69725512710987,325.584521,22526.1155404046
EIGEN/USD,2026-09-28 17:22:42.333825,2026-09-28 17:27:44.106162,0.0011695906432747094,26.314718364623786,301.772337,22498.368441416595
PUMP/USD,2026-09-28 17:27:56.976899,2026-09-28 17:33:50.094921,0.0061654733492442215,138.54663531779883,353.118022,22582.785134163165
HEMI/USD,2026-09-28 17:34:01.296161,2026-09-28 17:39:15.384618,0.006644518272425293,149.87166639204196,314.088457,22678.31078944414
ONDO/USD,2026-09-28 17:39:34.741959,2026-09-28 17:44:39.079528,-0.0009307520476545816,-21.082554743576576,304.337569,22602.858244639123
XLM/USD,2026-09-28 17:44:56.599200,2026-09-28 17:49:59.032050,0.015089163237311354,340.6489478219487,302.43285,22888.884102052423
HBAR/USD,2026-09-28 17:50:10.869490,2026-09-28 17:55:13.576781,0.0035708488881676104,81.63466705159453,302.707291,22915.52044565174
XLM/USD,2026-09-28 17:55:25.714461,2026-09-28 18:00:34.753737,0.01072386058981234,245.447955186241,309.039276,23105.709612571634
METAB/USD,2026-09-28 18:00:45.097482,2026-09-28 18:05:53.526821,0.007411545116418505,171.0435104293509,308.429339,23221.12743994014
XLM/USD,2026-09-28 18:06:03.840230,2026-09-28 18:11:10.772393,-0.010039284155390682,-232.84374858196512,306.932163,22932.865836424127
METAB/USD,2026-09-28 18:11:21.105899,2026-09-28 18:16:28.733229,-0.002017988159354278,-46.22271781590257,307.62733,22831.692731188992
HBAR/USD,2026-09-28 18:16:38.877210,2026-09-28 18:21:47.199590,-0.0036196117143797446,-82.54269223396783,308.32238,22694.485905268386
PUMP/USD,2026-09-28 18:21:57.439865,2026-09-28 18:27:04.949673,-0.006001500375093727,-136.03752451421988,307.509808,22504.177539670643
SPCXB/USD,2026-09-28 18:27:15.189478,2026-09-28 18:32:23.033423,-0.02328056405480905,-523.2812547770418,307.843945,21927.546602319784
LINEA/USD,2026-09-28 18:32:33.447181,2026-09-28 18:37:41.706476,0.0064802182810368425,141.9247740046192,308.259295,22016.706530417137
PUMP/USD,2026-09-28 18:37:51.850123,2026-09-28 18:42:59.706997,-0.009373828271466156,-206.13316912805442,307.856874,21758.012329476438
VIRTUAL/USD,2026-09-28 18:43:10.106729,2026-09-28 18:48:18.753060,-0.00654862963861258,-142.3141822208056,308.646331,21563.681026221308
SPCXB/USD,2026-09-28 18:48:28.993830,2026-09-28 18:53:36.834686,0.0026834831611433074,57.79633599621896,307.840856,21569.686223852077
PUMP/USD,2026-09-28 18:53:47.053175,2026-09-28 18:58:56.731132,0.006642626684380204,143.10743803632676,309.677957,21660.88574637368
NEAR/USD,2026-09-28 18:59:07.098431,2026-09-28 19:04:16.366223,-0.0079954311821816,-172.98029558463278,309.267792,21436.158093027923
SPCXB/USD,2026-09-28 19:04:26.839497,2026-09-28 19:09:34.669572,-0.006452900478978174,-138.1594043521606,307.830075,21246.74856860537
HBAR/USD,2026-09-28 19:10:07.825773,2026-09-28 19:15:09.829337,-0.00516435773424051,-109.59413932538335,302.003564,21086.324341000465
LINEA/USD,2026-09-28 19:15:20.224613,2026-09-28 19:20:26.985569,-0.008840530431825866,-186.19059488152675,306.760956,20849.78036072145
INTCB/USD,2026-09-28 19:20:37.308620,2026-09-28 19:25:37.867049,0.004927363860334877,102.61117290024433,300.558429,20902.2589510322
PUMP/USD,2026-09-28 19:25:48.163956,2026-09-28 19:30:57.672101,-0.006983767459418644,-145.80134407149208,309.508145,20706.497246344006
MSFTB/USD,2026-09-28 19:31:08.014264,2026-09-28 19:36:16.225484,-0.0032566260569321104,-67.3523984980606,308.21122,20589.559894688955
NBISB/USD,2026-09-28 19:36:26.365256,2026-09-28 19:41:30.207062,-0.010158153363339695,-208.90092480540602,303.841806,20331.52435621231
HBAR/USD,2026-09-28 19:41:40.404538,2026-09-28 19:46:48.256019,-0.018411492734478285,-373.8845125097129,307.851481,19909.32212405777
SPCXB/USD,2026-09-28 19:47:07.340320,2026-09-28 19:52:15.651366,0.00135878796113853,27.020084159938765,308.311046,19888.55608044284
VIRTUAL/USD,2026-09-28 19:52:25.796899,2026-09-28 19:57:33.302791,-0.009778437925485717,-194.24563624687963,307.505892,19646.839643887146
NVDAB/USD,2026-09-28 19:57:43.453457,2026-09-28 20:02:51.362479,-0.0005184033177810798,-10.17276487107758,307.909022,19589.554962637674
PLUME/USD,2026-09-28 20:03:01.506974,2026-09-28 20:08:09.628517,0.009675583380762687,189.31292398611467,308.121543,19731.653988163824
LINEA/USD,2026-09-28 20:08:19.932391,2026-09-28 20:13:27.610494,-0.009955372468245738,-196.20024170887726,307.678103,19488.361630755146
METAB/USD,2026-09-28 20:13:37.757231,2026-09-28 20:18:45.542639,-0.0005549466557527305,-10.802023111751692,307.785408,19430.828565398064
NEAR/USD,2026-09-28 20:18:55.667422,2026-09-28 20:24:02.444063,0.0001976675232258085,3.836234744239428,306.776641,19388.05418849679
SEI/USD,2026-09-28 20:24:12.596409,2026-09-28 20:29:13.826524,-0.0031084056469369292,-60.193617998095434,301.230115,19281.42939158593
LITEB/USD,2026-09-28 20:29:27.950331,2026-09-28 20:36:03.524168,0.0035065241579284034,67.52966500343364,395.573837,19302.630355709876
PUMP/USD,2026-09-28 20:36:15.914968,2026-09-28 20:41:55.452180,-0.005153617443012903,-99.35899845022013,339.537212,19157.092070991806
NVDAB/USD,2026-09-28 20:42:30.507185,2026-09-28 20:47:38.234510,-0.0010845986984815426,-20.752823818336527,307.727325,19090.414715804254
LINEA/USD,2026-09-28 20:49:13.368513,2026-09-28 20:54:16.472901,0.0020732550103661485,39.53180280195741,303.104388,19084.10957532211
ENA/USD,2026-09-28 20:54:26.819007,2026-09-28 20:59:35.730982,-0.0011551790527530859,-22.019108945510464,308.911975,19016.342507444348
PENGU/USD,2026-09-28 20:59:46.074142,2026-09-28 21:04:55.532093,-0.002651113467656341,-50.353984348979,309.457951,18920.437109391933
HBAR/USD,2026-09-28 21:05:05.900562,2026-09-28 21:10:15.125847,0.01609808991575612,304.21739835500125,309.225285,19178.907643235805
HBAR/USD,2026-09-28 21:10:25.479502,2026-09-28 21:15:50.667107,0.006240249609984483,119.53755353550189,325.187605,19252.299990990305
EDEN/USD,2026-09-28 21:16:02.569382,2026-09-28 21:21:05.675361,0.004825090470446325,92.78261631363634,303.105979,19298.793471497975
NEAR/USD,2026-09-28 21:21:17.144633,2026-09-28 21:26:18.217298,-0.0006091370558375386,-11.741503504161253,301.072665,19240.776743729024
HBAR/USD,2026-09-28 21:26:28.655674,2026-09-28 21:31:37.999902,0.00119208455853137,22.909108890928444,309.344228,19217.508204222846
BONK/USD,2026-09-28 21:31:48.141984,2026-09-28 21:36:56.753852,-0.005747126436781658,-110.31291491021805,308.611868,19061.2333183322
XLM/USD,2026-09-28 21:37:07.234473,2026-09-28 21:42:15.565213,0.007654209815398438,145.72360074378756,308.33074,19161.062538967075
PUMP/USD,2026-09-28 21:42:25.728834,2026-09-28 21:42:46.173956,-0.00212601468882867,-40.68781637091509,20.445122,19074.46458981234
